Underground Temperature (°C),Target Object Temperature (°C),Humidity (%),Distance (cm),Proximity,Motion Detected,Human Presence
10.970455444310627,35.710955307996855,49.850734509130355,236.10908485613703,1,0,0
15.93796365953225,34.416235708670484,44.3441819274973,256.70436023356575,1,1,0
16.88806423831626,34.60343482156263,57.017142564594415,84.90145038658821,1,1,1
10.672555918391312,27.718475988325732,45.553540574128306,72.60340486956503,1,1,1
15.91799827872208,23.34171554529745,50.331068842791176,288.8982818324586,0,0,0
13.813069373791137,21.39914532441765,66.94778208949003,74.02963379032377,0,1,0
10.38552941606151,29.00220271308256,58.89260716328077,142.0812475627159,1,0,0
15.470097563163094,36.16374560414724,63.46898341143974,111.13572493532169,0,0,0
13.977534579480285,31.38097961814075,49.34077357276226,74.39775379931223,0,1,0
12.91753029209836,33.431636668524256,65.81852002543744,154.8274497080862,1,0,0
16.687464262654622,20.76915104372344,67.54337747465671,169.86422436761904,0,1,0
17.923737675396392,30.94055246537451,69.45366103780849,217.3457611413025,0,0,0
18.12945871276552,34.0096443049886,55.23439999015343,163.24423408634794,0,0,0
18.465045470166075,39.002576664468236,55.532983000944064,278.93720300183134,0,0,0
19.08270908329705,28.149984417766753,42.0197575235862,81.2913683242273,0,1,0
18.97416252671745,30.366698630644386,58.52272473310013,275.26055192489144,1,0,0
17.19610824373633,36.001785445168025,63.960702135529665,181.26610046736278,1,0,0
14.225702893892509,30.118867708842295,46.34111010015717,90.24109430929916,0,1,0
11.32815059657033,23.564866480358262,48.65526027925972,216.8068670447351,0,0,0
13.410074340595678,30.034413755391576,69.05352428605339,131.1139033251433,1,1,0
16.101411988773453,27.58189937486759,63.24936536931934,102.86639631307901,1,0,0
17.387442074306435,30.619269588981034,46.66750575996399,259.57282261827913,0,1,0
11.655462258702453,29.26840276598833,64.17974338601265,219.453900741869,0,1,0
10.71715990114777,38.72825971380196,68.49580597178475,77.97642252657627,1,1,1
11.177027582643252,26.55623386845467,44.694376793955016,247.77534160919907,0,1,0
16.419491797961236,35.760200626433544,58.803758078516935,81.68271779362945,1,0,0
14.680849573618131,21.669900769531466,53.21202886894534,144.81964969370853,0,0,0
11.754408342865178,29.65824696065871,44.82570722584758,280.21791412100356,1,0,0
16.166372618778837,28.429357252186545,61.63168085471128,129.64551320367536,1,1,0
12.854641063217707,37.05254320194848,41.00455935405928,211.07731078063432,1,1,0
18.37943465070863,21.6516750442528,64.39237199012699,132.70079320837095,0,0,0
11.270772662342106,38.49621984904202,42.944665225125426,125.29500834677097,0,1,0
18.892351524286497,22.609831752092308,55.65230760607158,290.5088164249391,0,0,0
16.382472819628298,33.13744422115116,54.30995549393265,127.2026701943671,0,1,0
10.668965296266851,36.4123480597935,48.629432844744336,241.20365902963522,1,0,0
11.162552662014258,27.042941680458053,52.13862960824834,169.79351062555668,1,0,0
13.11848598147669,29.635590169883663,56.15015890751198,150.46707265680163,0,1,0
16.548005298020847,32.74429832613183,50.99630953906044,210.58632717558476,0,1,0
11.435149317624672,25.8440460957285,46.235726090888114,217.55136079470947,0,0,0
10.446180237465711,33.77136466048829,42.25282631000569,260.88471083745003,0,1,0
14.872425714529783,31.179242283076697,65.01837632775892,154.27381591688203,0,0,0
19.39035847603803,22.919240063872742,64.44092184197886,158.52633347571262,1,1,0
12.220106217378188,22.17380763416326,52.8531108866014,193.16264548455536,1,1,0
19.682793200710186,24.96486660797498,64.91665503234327,267.143845165251,1,1,0
19.20246076770086,37.845958762321416,65.82699866885049,250.96363575052135,1,0,0
19.712952098521725,30.616985446378095,68.875025060893,232.7444024632602,1,1,0
16.19998497882669,29.934460069592504,69.54493767891776,166.73319227545937,1,1,0
12.898378187134563,22.421111290981404,49.27296551258663,194.38745928728952,1,0,0
13.234997895621039,23.073572554457314,68.63608018570379,216.34937797638497,0,0,0
15.441136008644616,30.38160424878819,51.062443920316504,73.31358230669974,1,1,1
16.92443203894952,32.15070527610234,55.24075473776298,88.5352396891291,1,1,1
13.704403850054547,36.139579722043216,49.11318570088548,247.99095089340324,0,0,0
16.2095059410324,37.92073173761503,41.20296931191162,88.53030675332795,1,0,0
18.275205651920885,38.58473561281777,47.86504024136517,286.66454451073474,0,1,0
16.766984458755203,24.315948557542935,45.971997774608816,101.95367742783421,0,1,0
16.020544609289427,38.0276353485698,52.15934643224154,194.35284388259316,0,1,0
13.196507694341406,32.30396805605171,54.468700627558555,290.5182591561335,0,0,0
13.75918235343622,36.941802411876196,49.73019807498898,143.85605588649167,1,0,0
17.05370912578356,36.335089910277304,53.08419285233915,106.05490206418031,1,1,0
17.136768699769448,27.513608102330153,67.56728236423477,285.40288539490376,1,0,0
13.398083519880354,22.67206719406348,48.86401388193143,174.1795928262618,1,0,0
19.628347407848214,39.34176358460617,58.07001319036803,208.1879579022775,0,1,0
18.835739166185725,39.250994263060704,42.063062177178026,56.496285512991,1,1,1
18.413522965472538,24.856016149594588,58.49750965968097,99.32773810044674,1,1,1
13.229964946073695,22.159657440885432,45.5135404664468,234.9386991056922,1,1,0
14.399317085289614,22.16649801347127,67.55128624090878,156.84659649897782,1,1,0
18.958078236208117,37.89065546148532,67.45160936199795,294.0760701041903,0,0,0
15.495335050291347,22.2153358367971,49.669980823682934,99.15005711033109,0,0,0
17.40295318609372,31.903908264168532,47.17933536063129,120.47050788146082,1,0,0
16.475215891862355,22.808970572724412,47.91498574425949,159.25038021682164,0,0,0
19.711250156173495,37.876882148382286,62.45993340594721,240.34623123769148,0,1,0
17.528644437492876,32.90367336383647,43.609069443560266,63.7760696870925,0,0,0
12.851679448794979,30.75796643606327,47.552187231330386,108.38510533897906,1,1,0
18.49999489651065,36.13043629571103,61.3607325862196,84.85635231102779,0,0,0
16.36638552745837,26.78519661796793,55.672759494774944,152.0706489698091,1,1,0
11.219868740695532,25.566560809703383,62.67613011721495,224.90327994129632,0,1,0
12.522701063955003,25.221267365156493,47.85764767883996,286.16112568241454,1,0,0
18.96325764831435,29.418472071359925,40.413775898872444,230.21058859401757,0,0,0
12.76903458650229,31.602026577911023,44.59925093039151,189.6007137277253,0,0,0
13.599056342363728,39.497537579849606,40.25610604346393,284.70423708699076,0,0,0
16.265208495219042,32.330332909378924,43.67846924886394,180.92675825675195,1,1,0
16.906137694855847,20.906352915410547,44.06907171920864,205.39811114165235,0,0,0
16.68538999792639,22.330159663581956,64.36730276378236,150.6620390245974,1,0,0
18.310874352254793,28.521452356819864,43.73939508739581,138.57261580317243,1,1,0
10.442888311960154,27.18002599671592,68.79018098515043,122.44379147871705,1,0,0
12.085223324960815,38.854270425503415,51.32161498859579,139.09137611343186,0,1,0
14.87023310775686,32.416014577305894,60.08582884888316,134.80383852525105,1,0,0
13.625592078831405,34.838602144119584,59.65463663606642,103.7849717016876,1,0,0
15.749816914023384,34.35606635940396,60.57191755058935,229.4992211003347,0,0,0
16.383645861721934,25.916334051924203,54.17612910340707,154.63830848818264,1,1,0
14.461945056706664,36.96319049122781,57.33034963800016,166.02690550619263,1,1,0
16.383305435033165,37.51701837718805,60.67656170011046,197.44365462103696,1,0,0
13.991860947578374,32.45388483336393,56.031710261896094,277.77494455279566,0,1,0
13.22971612051482,21.678807550943635,66.81795929963066,65.72265755135032,0,0,0
12.198048420544662,35.34213672514996,60.2092608577679,195.25177068593837,0,1,0
17.74177264919166,38.07794696052823,53.881438547933215,155.56384009220804,0,1,0
12.916932611215605,29.996856650078122,66.82469099835116,103.71486239514917,1,1,0
15.516032515911762,31.386412927966962,54.79695647254021,227.61275132748693,0,0,0
15.212176280488848,27.540136597134577,47.80094304626709,235.08820315207805,1,0,0
13.822850648088536,31.242416914390574,61.479088287596475,148.58584564092826,0,1,0
10.380462223136227,32.11790313628857,48.96674699723031,254.7963089293009,1,0,0
12.98245415206278,28.25242317794467,59.395315356018166,140.99523161550604,0,1,0
17.87932982309163,24.623817953400987,60.261438689228726,175.75144268888158,1,0,0
19.84004695144946,31.10457778859881,60.22294793143149,215.72773859908244,0,0,0
11.567077931635549,31.84183236594707,59.55443592124809,273.7423290496506,0,0,0
11.191846675052687,33.03768672851899,46.89061566225294,106.08497220582751,1,0,0
19.566368294701693,36.34532577437563,47.722628621030154,92.84528226631755,1,0,0
14.14830307924589,27.415898317693255,50.48401203755133,288.2763241262041,1,0,0
14.764310492809042,36.22874584168049,40.898832901478244,120.3184823679707,0,0,0
14.836226942056953,28.350444584341297,45.68315402348088,74.58403872264051,0,1,0
15.06457254355469,30.46157056819861,62.95408433027279,182.96452063562572,0,0,0
13.790494363758784,29.85927093395135,64.32083184855169,170.70877358407262,0,0,0
18.402331045644644,26.056497447586256,69.25444588011209,63.59404992758432,0,0,0
19.726124878832138,35.6724753538649,50.26235186591463,128.91620543806613,0,0,0
13.836277771327975,28.13136793871326,61.42165939231252,174.85971815887478,0,1,0
16.48565276320574,37.027687576775435,41.438226829949315,137.9799543634797,1,0,0
11.134568588521331,22.328689415287492,56.825786052003934,254.57307098570692,0,0,0
16.867810936693914,31.867174925412044,62.89244872230826,255.55346135439157,1,0,0
15.705597488217771,37.69777082470459,66.56803481678827,149.52806279771826,1,1,0
10.404292860111997,34.667962505162116,60.170015950660954,172.1943337178016,1,1,0
19.46416173885714,26.68313156464498,65.30234138438016,66.75227386450977,1,1,1
15.486180864151876,35.04776478071143,50.24413881646002,231.4907556841971,1,1,0
13.134921058559977,21.01411228295839,45.69541485247167,266.4557905870096,1,1,0
12.179765953957636,26.033874590667963,57.04644015589926,96.57050965762278,0,1,0
11.268626374985939,35.465179661501146,60.90461167153585,102.37705057951271,1,0,0
18.765557954192154,21.28340674439598,44.38039624876688,170.9613093447505,1,0,0
19.013645510619227,28.137924367897476,56.992522929127006,171.60734087293397,1,1,0
16.902897774790855,32.04854891814144,51.39362932865341,209.6070357545761,1,1,0
16.394185126527727,25.59224635701619,42.23817028954158,186.0821114131969,1,1,0
16.493478648166246,37.49263059724514,57.81159465564383,84.8780638128289,0,0,0
15.279181970795133,33.727720589034895,60.29739324629395,258.5024550924295,0,1,0
17.05047426546006,26.273404854515174,52.19325954505938,235.59514591878934,0,1,0
10.974466186675107,33.76960034243609,46.08910133262548,217.88247812091333,0,0,0
10.613023678949258,36.37413815278851,44.96604507813368,221.01775762438393,1,0,0
13.020423924201733,28.13682356594755,48.15790866791174,156.170909535264,1,0,0
16.58574605514839,37.3585863062418,67.65308945339414,106.50228395546597,1,0,0
14.959800262586754,21.749077868487074,69.31513851513446,217.6023776234909,1,1,0
16.208334290111615,24.50909170696457,52.49764173538494,172.2806819015201,0,0,0
18.386329447821296,31.667310353747343,47.57346596943094,166.06453020181573,1,0,0
17.478503134734034,33.24787425303213,55.45677874012816,76.8712712910758,1,1,1
16.88001182324521,21.25140666061403,67.2352690344187,212.2268927543348,0,0,0
11.25183850231004,37.41778488929846,52.12466319807275,180.83300491335012,0,1,0
12.168786012603316,31.846132890106887,63.660419428842516,272.634499650678,1,1,0
18.856007539640267,27.980183748673035,58.42537840445376,257.9778829158871,1,1,0
12.86914477378412,22.05998807351072,48.739219177122756,129.46216247254765,0,1,0
15.228796383119388,32.62341586628505,41.39086716749788,242.18075851889483,0,0,0
18.237614550688786,38.19653475503968,61.60940118054691,197.52725974040413,0,0,0
18.08450487775604,31.438040280231363,41.04760423740755,110.39760003773648,0,0,0
19.715555786946098,31.86511634765122,67.40802803067137,202.15908529467828,0,1,0
12.693952184663834,32.23869664785805,60.40182254329986,145.55622481871944,1,1,0
18.214744418482965,28.36781010318387,47.77621859932937,64.80589265395612,1,1,1
12.705945335115977,39.01675813946741,63.12513445452913,114.12155580635873,0,0,0
16.333723417302895,39.329004275149615,46.01573468573791,205.0886528092829,1,0,0
14.254308701087954,29.84411492048771,65.78224148912919,56.77548859005652,1,1,1
11.74683038713126,29.158244974658917,44.22270372664247,203.2464213280823,1,0,0
19.13383688991253,21.089118625624764,45.248866400981846,250.3070642900122,1,1,0
11.29194015372018,35.36772755257206,45.69774148103097,61.28201199329756,1,1,1
19.25733617656327,22.039462881912176,59.565879933682396,230.4933479827681,1,1,0
17.216519924545675,24.96949925020468,57.9984755770576,207.59193409421232,1,1,0
11.993845373163369,35.617291895451245,65.20017573503864,200.60024116834586,1,1,0
17.92368164621251,29.6858252904837,61.10867286121095,84.24490294999407,0,1,0
11.385418034092154,32.353348511220986,62.5060655142934,291.35830164355775,1,0,0
12.976956836454288,20.80467142070022,44.04442690533193,170.3304949718239,0,1,0
11.009322215517681,36.80294177144603,63.71948599102289,247.3286846124305,1,0,0
14.890345079357946,22.61998703210734,57.637594001947306,81.78301916693248,1,1,1
13.141933435812728,37.060914617399774,66.13983510283292,276.46397919752536,1,1,0
16.843264038592885,36.12864862417277,54.76437918564831,184.00811783311048,1,1,0
17.907998539165412,27.772434820608925,63.50785980566628,128.40322088873958,1,0,0
13.246932941597322,27.920835412489332,52.76961527323628,290.13153056764503,0,1,0
11.198954393672029,25.02801592585614,57.79628724800358,105.43520654701264,0,0,0
19.129749938766885,21.734697425983516,68.02063842613812,81.97025488500043,0,1,0
10.863834828115005,23.53398310271747,42.872313609298324,250.909013410902,1,0,0
18.552626496627937,30.539202390439975,44.883535276731166,90.25683014639722,0,0,0
10.803959901681353,27.483004452614054,61.924665491864644,262.1612874511976,0,1,0
10.676019686179462,28.766151647950153,43.75051316278887,258.2273545355484,1,0,0
14.72182019687827,36.52176305085331,54.40985429788341,161.38448015070455,0,1,0
19.856202439785655,24.19371281901308,67.32042524387424,238.51542230227057,1,0,0
13.81629532731449,35.767435844424924,68.58895011206272,186.22256441781354,1,0,0
12.243677333071247,34.80011045616041,60.81314080699325,215.7551287157371,1,0,0
10.527930540817103,25.614891224030217,66.05408936378146,252.20658166046826,1,0,0
11.27025438759374,34.97474979238788,46.23367285799604,234.7392976429291,1,1,0
18.02533299212207,31.68706729618638,55.74805949725604,215.41287306554523,1,1,0
17.32668578672614,39.467833116899044,46.324922576476425,244.09425817224593,0,0,0
19.511854330355384,22.0889195939054,54.31310001366103,217.27198919882176,0,1,0
11.097976468419375,35.58431396663347,47.43258977932395,96.64466616267029,0,1,0
16.33951944776112,23.200881111115542,57.02151914533248,274.09421914624727,1,1,0
18.245923456909313,28.0032271370692,47.76047659554884,59.25879998752956,1,1,1
18.517625467017464,32.29357269131279,52.95032925940689,285.05273224607043,0,1,0
15.479834339687672,34.47790968544909,43.69537166605057,108.75969170181924,0,1,0
19.80607093752812,26.25420016582588,43.84525140086438,137.2977529680918,1,1,1
19.20170339327663,30.665783253877173,62.52295780515959,163.94136775285955,1,0,0
18.865634325498363,33.14799277857183,62.66125650545748,185.3762818580136,1,0,0
15.411457615686258,21.79245762372622,45.360665584406696,124.98033323180711,0,1,0
17.336152503797546,28.88096364774268,51.282533199133994,188.48812281999443,0,1,0
17.066052885804794,29.090743146463534,42.769199496367875,197.1713321384634,1,1,0
15.520476828014422,21.43955190072563,65.23611138187623,220.1219211488667,1,0,0
18.186213444797126,24.76104170423962,58.17601674280618,288.86424371332805,0,0,0
17.444595893316343,25.172581908955145,43.20811527157189,90.98100616788699,1,1,1
17.169163695025347,30.811483440620083,51.93141892525657,220.6998619721047,1,1,0
17.208843293564758,36.815118971755666,51.31959118128931,202.44617948166996,1,0,0
15.557727483252428,33.571281609437165,60.82595076477185,254.14084378241228,0,0,0
14.584146759881026,24.49052597503275,58.14730216536138,214.19671124586125,0,1,0
16.41295277057074,37.0618263740659,61.34172919218031,63.79224392090438,1,1,1
15.317274847259643,24.541392624408676,67.13162056717286,121.67927310226932,1,0,0
19.77231014056659,24.539259709819575,64.96693211309791,60.01872095544248,0,0,0
13.147614494769503,33.90573345449486,46.46875692495808,272.17879700998185,1,1,0
15.70604980185476,35.69780210681377,64.23083284705552,164.12145109054515,0,0,0
18.637995367804837,23.386497677546583,55.62875525245751,169.17600235449024,1,1,0
12.7779956400217,30.47083553233093,40.33821376912412,214.46362614694237,1,1,0
12.418994211488538,37.68238483922825,65.623395780198,199.7855773837661,1,1,0
13.682745667352496,35.03492985385897,48.245960133488595,244.86066138983944,0,1,0
17.576357642034136,36.74568737254985,51.35923392253103,239.03756619406659,0,0,0
15.8431342683069,21.93307542877762,46.01764222824013,146.07633485676854,0,1,0
16.6647896475187,35.36881063357356,65.09255384004055,123.13548041935101,1,1,0
18.269023493444024,29.705217507471488,41.64617393450744,270.498770007608,0,0,0
13.780335981912508,28.8577429187906,56.78190476111652,63.82231977601803,0,1,0
17.264949571687875,35.11162317615535,68.09574911112986,218.00391080523667,1,0,0
14.482941516013176,26.541792648453697,53.678817897601334,193.46586332645046,0,0,0
18.479189683137413,26.045944297240027,51.61264183774104,285.14267202749903,1,1,0
17.86604599524501,28.565444669166112,63.73749326511667,251.42266793317464,1,1,0
15.506237934801547,29.2817027358248,64.67213923081277,184.8557246820908,0,0,0
18.688603332695905,35.598161017945344,54.55108411922112,56.13458931902424,0,0,0
18.845421817515565,36.11002104512879,60.52888314507277,79.85276315657357,1,0,0
13.35638349310007,21.058273472710965,65.93017949531607,85.44423029919395,0,0,0
13.91454317228213,34.09976792103231,49.51632869647337,78.69319716168755,1,0,0
18.897605118951777,34.21223367866784,65.13841925768506,150.198739902157,0,0,0
13.968702787218499,29.331341672290996,48.531723068074776,267.68875915382665,0,0,0
13.083255745278745,36.325969073663295,49.43579130391293,256.59917525099496,0,1,0
18.49729190992138,34.30474078210874,60.38816139800732,185.8983273964423,0,1,0
12.402683016446328,21.544950463542776,54.32406654906856,106.14838234460852,0,1,0
18.407468002149873,25.429601731370603,43.60015467175437,147.26988180308103,1,0,0
15.934639293766537,22.07574216842077,69.59142664799757,91.69090048250999,0,0,0
10.568752853727684,29.099854293254303,54.70473191817953,104.42031859845395,1,1,0
16.147875363694617,23.61609346177542,65.44880687642262,102.19038490287019,0,0,0
19.157772184631085,21.248146485155065,62.378231303684444,223.37941990497393,1,0,0
12.088384414234389,28.035384377888338,55.85447523106812,152.25573617724893,1,1,0
14.282077015551486,34.32942473517472,68.26866199812017,87.73593500203049,1,1,1
10.61916036215304,37.316539451636224,60.231022780270095,63.20694253138259,0,0,0
16.009069272188185,24.86851892103787,68.86685302975874,133.7238110114849,1,1,0
16.73849774059733,33.94117265918219,45.72659210958602,254.24488103744687,1,0,0
18.410860243165402,22.605077855639625,63.94305260627114,153.06517335507556,1,0,0
10.827565786624625,36.7046618300796,47.39921632905014,290.6159170739088,0,1,0
19.57079806394716,26.22641848011809,43.310475612169256,280.73114048476367,0,0,0
19.37866087768157,26.04850289317705,52.09909691435551,142.0824282346139,0,1,0
12.084929452446264,25.402465068957873,41.69941638089536,87.02207060766159,0,0,0
12.974954138540909,32.222170324698524,57.3704154745853,242.89961331742614,0,0,0
11.452506433971172,21.629109955162935,41.5478629522267,72.03294453554308,0,0,0
19.0027318816743,35.10259452673003,66.9399303705021,106.16375103834349,0,0,0
15.095184386024462,34.368974846291145,66.94388175788997,231.05823460905793,1,0,0
16.003775053830392,36.374747782158764,47.752306189273675,173.27241701968558,1,1,0
15.392630952832866,34.777261597209275,60.654572325049685,113.64216358569449,1,1,0
19.27248398493345,35.03342222565934,67.4291396033629,61.004428311352804,0,1,0
19.847075340850534,31.796859685096003,59.90732384962925,206.03230968674472,1,0,0
17.621760423179495,26.072185105266588,63.090383084913384,226.79953446868808,0,1,0
15.053770694722452,21.508090995593335,43.65389708024127,128.90797560390376,1,1,0
14.643477321445133,37.009786847419385,62.89800309553503,166.07493103274635,1,0,0
19.27242992710657,27.682275887909594,43.11316717642698,256.1102275392322,1,0,0
11.50406812708349,27.229194447149716,47.605267562493864,74.18592145867899,0,1,1
19.227166085795545,31.99007966698229,56.6910740858206,56.40713982820665,0,0,0
15.738445393002912,29.022062855801337,48.02263779862394,219.93871572363884,0,0,0
11.663145856383967,22.497597311708617,57.50085315907883,113.97977214314176,0,0,0
15.034910192914401,34.744197295204856,65.68631055971031,253.02433437119657,1,1,0
11.844808397715244,26.368412942869153,65.02821018653418,109.75327242345833,0,1,0
12.0619392714293,23.623483180377317,64.99372704110385,151.03120082869293,0,0,0
12.494118200214533,36.812692937009416,46.57383498903814,231.14571168041158,1,1,0
11.140947662642542,35.10186076124776,41.36584622094887,153.0791565714157,0,0,0
10.983343639708242,29.73374607763573,53.88398581008224,241.8222582310491,0,0,0
10.935921557948085,32.913468898053665,62.31548772319522,282.93691234763645,1,1,0
12.304247844721885,23.80536899632639,56.972760499735344,169.9588530264801,0,1,0
17.355222566552392,23.952469416511818,60.62481667932988,198.71115155513388,0,1,0
12.686636301522782,28.452155484766394,59.36053325180426,234.9930177444495,1,0,0
10.57972214630442,24.596212981789172,41.51411862334308,196.38708069445767,1,1,0
15.859817519696415,29.192891680029717,64.80328444213674,55.43617802614277,0,1,0
11.418367871837908,37.748589538285,58.85040701252076,235.30531375560264,0,0,0
11.000703551904824,26.772694204156064,46.58531218556008,166.52039581729645,1,0,0
11.737633684658665,36.01071264915041,46.400750545357724,248.5843787678828,0,1,0
18.724122849035595,25.35100315331743,57.51036568288746,278.31624928603026,0,0,0
16.88283717386043,24.35391773764486,66.28390477642921,139.35500286977265,0,1,0
13.233434573074062,26.413586038120002,52.61405088814425,294.2768963159824,1,1,0
17.899309735446476,23.762760330276354,58.78985783625551,289.62128678016,1,0,0
15.173930959743618,35.48030747571342,62.534879536646564,222.81518236528188,1,1,0
11.516148423343202,38.47604676396772,40.406842300547034,196.81601313133535,0,1,0
12.618461038452331,38.02381395847617,42.23687944505566,198.725186534216,1,0,0
17.84158588101414,37.52600404893056,67.09824932550407,233.83001047865605,1,0,0
14.633468740836488,31.923417081984592,65.91494379911748,250.18318540463963,0,1,0
19.486285072226025,35.97880750548646,44.194433300985196,289.2002547111156,1,0,0
12.265026644906797,22.436589390796314,57.34880821454607,133.44234401192813,1,1,0
11.811347519458222,38.87298084698277,61.20264059969092,102.802618571115,0,0,0
15.433106346402479,29.284609682612064,66.70657225241985,282.94518312283554,1,0,0
12.784400872638855,21.934601438748587,43.64297683596272,97.41725582338216,0,0,0
12.968641839447649,31.073799601920484,53.19120565357892,178.21004943271078,0,0,0
15.690521331936907,35.4742806832448,63.08466178201154,224.03431766711196,0,0,0
16.487304920337003,26.43136389408482,60.3684501211656,180.76830667236936,0,0,0
14.76753272950268,20.82080616372661,46.3780680392409,214.65880050152515,1,0,0
15.901988269492318,26.94296074413388,42.9662399847222,147.82697247943247,0,1,0
16.711351741453253,37.13437076940858,65.15922220907211,239.15418767110106,0,0,0
14.238841054815747,33.832583202717814,42.83471534289205,126.85955153000316,1,0,0
17.439409848522537,20.519375612065776,55.25863245252231,78.64441587882905,0,0,0
17.19350589303081,35.00960046425209,42.46561277106232,98.66112813219576,0,1,0
19.28216933421219,26.763985579376715,61.86801958555151,295.46242775095334,1,1,0
18.933459875251735,27.142176016793815,56.40231184372837,182.8929234129642,1,0,0
17.83556990809901,38.20086572462991,69.28790986470756,128.201223176651,0,1,0
19.851129830587826,32.50469281854289,58.24969605838674,271.5925712047304,1,0,0
19.425258901773574,39.235227430950566,65.96164307450192,179.32950881095027,0,1,0
15.07640573032499,36.34806970935795,56.45222536751406,53.31913454178842,1,1,1
12.923039605530636,32.377195241602124,59.28148929022892,281.81049765327117,0,0,0
17.90913177985337,37.69761628751027,51.117675084097364,273.52964927304805,0,1,0
18.23866310884327,35.302741606293225,50.993314112414645,168.9460564769355,1,1,0
19.052565187559164,24.140580609745484,62.73788811749061,258.3800720921101,0,1,0
19.739467953484905,20.891068246286356,68.35845932045783,116.23320823322916,0,1,0
14.432731223357157,28.5560904396366,54.59683895456769,151.40337141330866,0,0,0
10.632937880881624,34.61817574899841,66.05999484217958,228.09430084352266,0,0,0
18.462233637069282,38.53105778102137,41.36545115585188,113.75315570371563,1,1,0
11.034453369713368,27.419730519228633,69.00502379615034,119.33956229915943,0,1,0
19.85171590394483,32.635789575806314,41.257324005077656,171.97645723647662,1,1,0
17.001125209704927,29.58503890446874,61.17383228252002,283.9032161598565,1,0,0
15.84925039770319,32.1335214058912,45.26386620984936,73.7742803828397,0,1,0
18.464509626729104,22.072834784357408,42.8046081677376,191.70382664825678,1,0,0
14.675450334479379,31.74484193400925,54.50136747338415,171.1779588170381,0,1,0
12.675168693170903,31.563239046928896,59.509196952166334,71.17682333611897,1,1,1
19.004254421306122,21.86615173589722,41.98231168435078,275.02507830188296,1,0,0
11.870585065252401,33.53062483551757,46.600855672843316,278.70405845094916,0,1,0
18.55896403200486,34.304725218323924,56.165399852681226,140.05111999807212,0,0,0
12.750699153450757,24.358160034339075,42.947749005040635,294.1152513383428,1,0,0
14.935387056018719,22.67279599392098,57.22794510203008,66.60028956862392,1,0,1
10.786309310310203,28.33308922880551,47.302186930051285,289.14195300343016,0,0,0
15.85678415976419,22.632606423935904,63.63917486019398,224.38850140714095,1,0,0
12.768877749257985,20.90017650508785,69.58364779592436,188.3600351300379,0,0,0
14.669072541478982,31.796274665497442,53.19397162174353,292.10124043045454,0,1,0
15.953221598775148,37.10300869796919,51.87739428294977,272.83577554601015,1,0,0
11.824041166061013,27.393323303197214,51.51738842212454,168.50754612549818,1,1,0
13.0648281710691,37.92492550820245,66.33956374630098,187.299625482193,0,1,0
15.699739301381868,36.39544787169428,45.87546561246068,281.23921468713866,1,0,0
11.095047629401098,28.75195153077152,47.603022520926935,238.58850012650493,0,0,0
10.50616323585342,34.73412285120229,46.83742926992727,114.1850283105554,0,1,0
18.925978099381183,29.66791527162075,46.34549077819207,198.26907344713726,1,0,0
11.048732244826061,31.246502717808987,51.53211751299506,207.97099404386688,1,0,0
14.593136287897021,32.06706084757744,42.48251389964693,127.06626040197945,0,1,0
15.699953812491342,33.183445052986755,47.3152919406876,211.40703195588458,1,1,0
11.470773922700161,38.92411680203881,60.441819703911854,219.92434851308536,0,1,0
19.67830122670241,34.71840621163458,47.48819775608549,219.012513462174,0,1,0
17.68893996036351,24.741782283291016,67.00470570834521,205.32431346356015,1,0,0
15.348505028313225,37.51839655163084,55.44747857229547,143.4388531253508,0,0,0
16.826851653818032,27.976616676292842,54.97504043879744,228.93329655913385,0,0,0
19.428101178894913,29.36389337535834,42.06863794391864,271.36312691309985,1,1,0
17.228926374010165,34.52271633215831,55.16811102964582,204.8472120807412,0,0,0
18.668199472000676,35.847040741650716,47.688993448602275,241.87417394673878,0,1,0
18.96550062537333,22.419512930173603,63.34416476594594,102.55000818840712,0,0,0
15.563247586544932,28.38531781528352,44.1622823935918,275.59065608266445,1,1,0
18.619736999655686,37.29502694842951,43.19845764983835,264.0577241382099,1,1,0
11.004413739190888,37.655609654783675,58.19231044749269,145.79604849132457,0,0,0
18.0538835190548,27.769384191247276,45.966226046270805,290.9617880588736,1,0,0
17.32623773720539,35.58349796639189,66.64882666930932,196.83726158749317,1,1,0
15.874423670033902,29.32470324872711,65.11550454080768,241.5437126849194,0,0,0
16.051015421360702,23.574574636005877,57.71822998025045,147.1897373000404,0,0,0
14.62609103763805,35.18924017457504,61.084796672271935,289.0034173212283,1,0,0
10.243702918548621,29.20886202489021,64.25577772517434,79.00990968943249,0,1,1
12.634694663313374,38.69189812596459,64.29019924371096,219.70686582713046,1,0,0
12.373013222224982,21.41311188923304,46.876448728468176,68.41995513337768,0,1,0
11.303188593987858,31.535866964095643,56.79964463561251,251.54674058148993,1,0,0
15.8335135286648,30.002685385973475,61.950538014333176,198.00780473586548,1,0,0
16.5601530186372,21.757121195040433,41.78640179996262,229.9384766859123,0,0,0
12.905616516268223,37.71043830694465,45.12999529836469,125.66701294504514,0,0,0
17.660038258847774,30.428336943152708,52.87761307570817,124.71369085822177,0,0,0
19.31709506101998,30.16459074522633,60.3377114230036,124.25312140998881,0,1,0
13.655759390236781,33.39498729607775,63.94158989679428,89.22104729982095,0,1,0
18.356199021328074,21.402611379661714,47.58559215788578,137.0273242753908,0,1,0
17.04470592637456,22.840252805528046,49.428746936895394,158.89892695122893,1,1,0
16.387369369772074,36.14329069375553,53.54136676891528,209.68740405393078,0,0,0
17.533069920597146,39.20354153062321,43.78499803039988,120.81686549920627,0,1,0
19.117876821530317,39.4163573456368,42.30983990054208,211.72647365912508,1,0,0
14.138909427115228,32.10390797854903,40.86925935926868,261.99990267593677,1,1,0
17.02027527163078,23.991243404525314,63.80009707040565,99.65081696145552,1,0,0
17.744268250328417,25.784404659348706,66.24825250001723,149.8371130063623,1,1,0
16.69522549565709,38.16905343433359,52.180791044791974,256.0339178836548,0,1,0
18.50660533731963,38.263065522809285,59.46293295310474,184.03242259435365,0,0,0
12.022403774267696,27.628595972027032,58.12218968599048,69.31371729531162,1,1,1
11.262346563143877,20.857435945544175,59.3455934863194,82.33370557290309,1,0,1
14.668160778297654,27.042317685572996,58.20980696585326,154.26162797180763,1,0,0
18.219125045240297,27.496144107481875,65.49176468547356,203.79054240534396,0,1,0
13.630768359433755,32.73509496809523,42.576721505699545,90.50628459375261,0,1,0
16.91738798575662,33.52845255789603,46.008228972149006,289.98408922678345,1,1,0
15.862403274345098,30.611323590239774,55.46780224451304,180.97643552327236,1,0,0
16.292064030317043,33.47848459207675,62.200819127637274,117.99083869597767,1,0,0
19.462617031020212,38.92037447944902,58.72285512765397,259.0492495587811,1,1,0
11.761271731620516,29.136240483858234,57.39273170510601,228.80966711334156,1,0,0
17.061757501302676,30.77536646597634,59.46972859192509,244.9947242445446,0,1,0
14.808991470835082,35.46956958261154,52.73268151284225,224.93751746780976,0,1,0
12.978551050933566,28.756131558697746,57.13330955689153,180.073104559988,1,1,0
19.836757370051206,35.036669795769086,59.59539310472437,215.7320497979785,1,1,0
16.068012130331116,31.005706417152446,40.83590762419457,225.59297460815435,0,1,0
17.75458421273818,35.610184857066706,68.62926432158766,175.32557241753432,0,1,0
13.935425588442165,25.10053994087701,64.5428231308274,214.79497203538114,0,1,0
11.511392612900217,36.4520747059911,44.147179075917784,273.0964802074412,0,1,0
19.00244268865845,21.781343927165437,40.75999129656648,275.84870343738385,0,1,0
12.41041714766628,21.914883725307472,44.95474052355231,152.51592778001088,0,1,0
15.600389214850013,38.79142885524102,51.23486434534506,270.4217679900824,0,0,0
13.481028329258283,35.55471560799262,57.819451716277904,289.9577256718534,1,0,0
13.020766031346076,29.558421557633274,42.42302066410108,87.09786828173576,1,0,1
11.451698982666656,24.07399525797184,49.486087872933155,296.11744512021517,1,1,0
11.887053883968703,35.09175691512791,42.74133209305524,258.00272802243427,1,1,0
13.300044954093687,31.93974897032509,46.3339244461458,149.23847476241392,1,1,0
11.099486225311717,32.19157650720825,41.05197183173637,67.92048250214187,1,0,0
19.484784848799958,34.20546477427943,53.99476961348779,76.58310365698154,0,0,0
18.397096672876025,31.82110256204318,48.77807743327383,158.83184519598618,0,1,0
17.305531865921687,21.266501009990662,43.64069860690827,137.64300041450934,0,0,0
10.877634623262033,21.188026146723388,46.009524570714674,216.76646566737674,0,1,0
12.580013091428697,23.469017011075437,42.361398568430936,232.89693324612256,1,1,0
13.421462228236546,26.743925520778497,68.91717250477674,131.03408912953657,0,0,0
15.032362140693156,28.726802753464746,42.91000902471631,280.5736310619444,1,1,0
18.14887469599368,34.964096104237775,65.72698806655667,68.26764319039046,0,1,0
18.939141987357,30.246577540191367,55.78401815267148,269.5559543544439,1,1,0
10.438334066767514,21.79958769270318,42.42136061037738,230.2239935785725,0,1,0
16.15583449885395,35.8031271411634,64.96650731852631,61.606014056381966,1,0,0
19.003576440315037,21.919202634264273,61.84775558497234,238.42308977667102,0,0,0
16.49029034075111,38.960078898196684,45.3114452710743,257.09412438521304,1,0,0
19.87035628830502,36.9492162469498,47.88464817564483,239.75363789998966,1,1,1
17.30830924645761,35.63661802614691,57.056131203966196,151.44492943223386,1,1,0
14.279590155526378,35.626942017026444,62.03514140509389,271.16830462972575,1,1,0
14.606132335951875,37.336448964207804,63.6883357916707,78.85215908412928,1,0,0
15.198823765367948,23.111222167363394,51.03038273294147,214.48764155998322,1,0,0
18.046113342314708,37.210400775439936,49.388713595741336,250.95532367610855,0,0,0
17.049607252863826,33.9939524412887,42.08758678888709,152.2608996550378,1,0,0
10.238378724420652,38.48487686319752,42.14958033605937,117.47248658732508,0,1,0
15.034475673212917,36.39670302227921,42.4273178281988,90.0479577510011,1,0,0
11.697861299650647,23.723416775406818,55.952790356449526,135.06562417480978,0,0,0
16.370553195923563,24.098898646863134,67.91000109743266,225.81173003752406,1,0,0
19.873363603025634,28.169444534194056,44.302109898779136,134.25029045193986,1,0,0
12.936303355168903,37.384527099210764,46.07654360098395,265.07119354965033,0,0,0
12.113468952346864,34.94377998100442,57.31194796878881,148.99285541288688,1,0,0
12.053493027498456,34.64017981100758,44.515269435593666,124.61962158018672,0,0,0
15.928624100567312,29.076315358270254,49.18628640993216,153.12529022592625,0,0,0
13.797321363876716,30.945538228474064,52.318921615122164,59.30031537119751,1,0,1
11.901496324947768,37.01435858598552,69.41362244549461,168.6857474741821,1,1,0
15.759505015659604,32.095217784180136,61.04690592259934,177.8852885635168,1,0,0
18.01983343169304,24.433354810298397,51.72798352139004,73.05312235663636,0,1,0
15.78685322228294,22.702409153469908,51.52132032934024,82.66820479403785,0,0,0
19.40059305028892,35.60096774662824,63.56880319799261,171.5035314779746,1,1,0
10.377609681783804,28.69070117972818,64.03568868209652,293.8128978871489,0,0,0
14.621882833194913,31.303437075454646,47.403226344879315,71.74682368158419,1,0,1
17.290645324668652,31.092635880938467,59.72988589778885,230.09480903449247,1,1,0
12.499380651882735,38.46242457693796,66.21522836365381,64.48482323196188,0,1,0
15.905648760794953,38.97087754190876,46.59830671708222,85.38890368270228,1,1,1
12.025062496789886,38.762213106832974,66.8940320880339,285.8776623458184,0,1,0
11.262840447375176,39.14588282411524,62.240202690163386,79.56830007259873,1,0,1
19.559003166011262,33.13381974428102,65.17260233012284,134.18620225907713,0,0,0
11.354067058065473,23.78147164132703,64.10110215463843,253.80484706030342,0,0,0
19.351242645759996,24.454804623860365,50.26511525264955,133.63648647476526,0,1,0
11.519573511204552,34.7316992894587,59.859625209186376,176.5980872735042,1,0,0
19.668855101134064,28.951866502532024,52.56062783351543,217.57490618080362,0,0,0
18.180771230100188,24.90902593641813,65.77167071335614,295.558465205427,1,1,0
19.223919822968348,25.855976257443455,64.25160205083536,284.3224419963038,1,0,0
14.55089725066774,31.91434366295882,41.95688927622543,235.20924157320223,0,0,0
18.202500444567665,32.45714972644652,46.68054594053525,268.5637076494629,0,0,0
17.641675716554168,34.09510937782882,64.05359085648178,126.8717908530219,1,0,0
13.330246757691143,39.29079152108313,43.024984060621314,97.98138229683589,1,0,0
18.342168855591748,28.97022648940859,49.042574841212065,126.87997699521387,1,1,0
12.22191652241832,38.33382815358851,67.49476525508544,132.3555328379187,0,1,0
13.243491556406983,37.15621962084313,69.48104776317456,155.63616981941433,0,1,0
13.617255975538733,25.372927404037863,46.228832735972645,107.83117495364505,0,1,0
16.894512422096454,23.864937757034994,62.900986309876174,218.8405083681883,0,0,0
11.218766764404915,37.60845129603769,53.27712235170107,252.7277879917566,1,0,0
19.45780175987202,30.677598044325997,46.46251032367467,241.20176390373672,1,0,0
10.853119267436037,28.904411058474153,53.531840275981054,103.63855931191635,1,0,0
14.492241551688844,28.813219310343385,51.107863404940375,257.62718959123407,0,1,0
17.45871922930344,34.20097676576965,54.52416390888289,144.4766472819399,0,1,0
13.271109176106126,32.965735838063495,44.979514877917296,118.05323426358953,0,0,0
18.29886064733826,34.633570662605706,67.34963329681702,218.48672129785763,1,0,0
19.628327440595626,36.777200450324884,65.93237383152444,152.03446965960052,1,0,0
12.649544680283746,24.116638482006852,50.550418364862374,142.06443614709892,1,1,0
10.548502418054051,36.1955707838011,64.7761325761452,106.35492659537888,1,1,0
19.716529815702565,20.650380990390993,59.71469578462653,100.23624184425998,0,1,0
11.460086304034704,27.617684519074047,56.6241914070814,98.28640370697127,1,1,1
18.050831021712153,30.553431322586917,68.21279348705667,158.17497305485225,1,1,0
13.246846962203612,36.651147187619586,51.594826774189656,211.90025553188792,1,0,0
13.789473313695353,35.93619835514729,43.45246153407302,153.06255461987905,1,1,0
12.891835266350315,31.610030316278948,50.22020635047886,91.9684977201674,0,1,0
14.790611056048725,30.152200451889072,69.33580596664146,96.94508708171836,1,1,1
18.488983709134423,22.842633620056322,50.603221972856815,242.267339040006,0,0,0
18.828316043710622,35.575080166193246,49.36420390739858,96.27880000048648,1,1,1
15.261559251049452,26.171536807238375,63.31048368169723,239.8347814834433,1,0,0
12.27288502858202,27.254791412479953,49.20491826027836,167.7564569251574,0,1,0
18.206709783476104,27.19787894186351,42.25390473395654,65.9255201985255,0,1,0
16.62768181751009,24.077089893555208,53.50670433792241,290.0472250025429,0,1,0
12.126919137890551,36.743012584098395,45.30550181921981,134.3132444195463,0,1,0
18.052463418822814,23.352992235162816,54.65430681954903,197.8662787093923,1,0,0
19.3024874209896,37.866817717603624,47.96030560612186,283.01990623086544,0,0,0
13.853186443545184,36.41582868551805,46.05930941483936,230.53776752758364,0,0,0
13.852212056839141,25.978143941728263,44.252707446222,285.8390669814184,1,0,0
10.634489672124605,28.377804299322026,53.75586823709277,168.43220610538302,1,1,0
14.345670577229459,38.84452182206692,62.17922924777624,64.56126646976658,1,0,0
13.951522146068228,26.992072341596693,69.44013895117483,118.47590179706836,1,1,0
19.68878229161474,25.575252449966,50.94635026602073,85.62186008640421,0,1,0
13.340402318459693,34.573056329499636,65.63653628552163,173.24922404328873,0,0,0
18.50096578192978,29.995517139161684,49.14680668654709,150.26963380821314,0,1,0
12.282219009040489,25.899038274792005,53.899835516641005,63.281123480996094,1,1,1
11.989085103635517,21.942620739649232,66.97086376089047,234.45921640205046,0,0,0
14.01259129280841,29.113509541824346,66.90424081802868,89.19184821600544,0,1,0
14.66510367795349,26.632578755405298,49.74814994801481,172.3194120530906,0,1,0
10.242159871280808,25.34872906444796,67.3994591427899,252.81935100029597,0,0,0
13.120277175508836,26.6934223130479,64.62365758671528,260.98690137259825,0,1,0
14.672958197570301,32.423723440541885,61.33985163378557,234.6203225664375,0,0,0
17.666493219633512,34.864941793874095,55.40965274141338,159.79664851510483,0,0,0
17.605181887225854,34.53047895091607,65.43309140913715,84.60582739690545,0,1,0
17.52468138902138,26.9383326163033,55.61445291779877,269.4031430112557,0,0,0
12.697061462435634,28.273415187961596,63.59552004824569,63.06540610997748,1,1,1
13.03428698803437,22.855461685059474,68.90404455160909,265.8280763355445,0,0,0
10.90758349952859,35.82399183717325,53.43746378795429,192.36257327103652,1,0,0
14.51813038941784,28.55578766564949,60.68454305376676,167.19989208989853,0,0,0
11.68868229034599,28.93756838208035,55.55893469585398,278.64293293497394,1,1,0
17.2888330446089,31.240776088303857,56.73340276212083,261.0736392046612,1,1,0
19.382441996363358,20.699321378983473,46.146401018048806,131.0741154512146,1,1,0
11.133231348494297,22.098455645474562,63.270918865525346,75.24798800991938,1,1,1
11.927056535767896,38.05728323613264,61.57462775591349,249.8210571798062,0,0,0
12.464688672120378,23.039292014418827,53.652599688077906,156.30042852186673,0,1,0
17.366154660885154,27.493001780669964,53.49202449887352,239.47140012349297,1,1,0
14.519808015579487,37.14184482085615,49.367111434797486,198.9564816657275,1,1,0
12.862728244603503,36.76366871800025,56.54625610224211,188.2290560929905,1,0,0
12.936473343757028,34.305086613920025,44.67583419759054,258.7307209207215,1,1,0
15.949442528197848,39.07844334443732,49.917947308432595,208.54127990561528,0,0,0
16.588225569420057,38.940515584569816,61.63786089213183,58.794437164527366,1,1,1
17.03135111355676,20.768226178244085,43.586417546117204,157.00211702873503,1,0,0
17.16192318111495,36.98839503396341,53.95446167353691,128.12845461598414,0,1,0
14.892896962273142,21.41904506869452,58.962052007530254,97.66419789188384,0,0,0
13.992439818716536,25.06452049909487,60.72170744277169,215.1983957961832,1,1,0
17.22103709154355,26.56914385888907,64.80763499309474,223.15477671191087,1,0,0
18.013031298818056,25.119333197066307,40.93710694269423,66.31365880216273,1,0,0
15.000074001210827,34.26623033838542,68.3105013796561,145.0077460719652,0,1,0
12.491518315763834,34.52542324583344,60.89589382668804,206.04801323523412,0,1,0
18.333269798581497,38.13397485901087,52.544800406372694,196.61588583822333,0,1,0
14.873627036388912,33.591690384496545,64.67684891414936,58.22013079238505,0,0,0
13.40215048290364,36.34628718471526,49.07932545354654,174.9746227141722,0,1,0
11.316499572301218,22.977588005563582,51.101376725494134,178.22056579289455,0,0,0
10.486915929730982,21.05326489934663,61.077454958984546,111.42674463059876,1,0,0
11.977197765620609,24.179213013401167,50.49704645479138,256.57696794583643,1,1,0
10.83671988968184,35.758589337117776,41.09106855572735,271.7467851997493,0,0,0
15.522725849057405,28.322484757872047,58.464593100576636,276.9476016959919,1,1,0
11.691753888125387,27.095120088455378,40.54047123770339,253.27844763467493,1,0,0
18.345254311714243,36.59242302672145,61.636617527244034,157.47602472588073,1,1,0
16.969655398007408,21.435218425140974,45.03151887130852,255.8614891200035,1,1,0
17.66625769404742,37.03053978454224,42.655620824323115,239.4775789147228,0,0,0
16.185595292082304,29.428454838580436,67.56919956645469,277.45612936651895,0,1,0
10.63515358169828,22.798563064252118,61.944606888269526,210.2153479594607,1,1,0
13.068387650564311,25.090779888178368,61.876284102628745,124.86211449951084,1,0,0
15.59877595456815,33.6687375509613,41.519979692099945,142.30812479110156,1,1,0
18.57736803315698,38.44397074290098,54.14081532649759,141.69578991241423,0,0,0
10.924658234515073,33.08355416242914,61.54877405877947,61.528402854794045,0,0,0
17.61918197201706,27.524514856300314,46.25745322600897,147.90409868403611,0,0,0
18.273397549729804,21.00781182984845,42.6380848270985,52.92804165903701,1,1,1
13.627365151446643,24.47747499559422,51.756597926064835,209.8278207526272,0,1,0
12.768996288766658,32.692846717273255,67.3964388336426,187.82869549004744,1,0,0
11.975129695125897,38.47305970770056,63.01260325780149,56.354342285802446,0,0,0
15.859712658840653,28.125593332464845,41.69996421860299,220.19165333793802,0,1,0
19.72949629493536,20.7207794676051,63.857897304731424,294.6929876635583,1,0,0
13.008133618961175,37.75669866751771,52.25140954819664,217.23728151715534,1,0,0
10.287133843237994,22.91776882007343,49.08048971460846,258.93853215869893,0,1,0
12.785020921212801,37.91696745384553,64.03964090219856,280.11813253898947,0,0,0
13.572541710696726,35.36735257797228,56.6138266351519,220.24271100251661,0,0,0
18.27724898902556,25.8056070715904,42.206616398924155,224.20562958624657,0,1,0
13.69838293670928,31.838583502323225,41.73008534796796,188.3967317846787,0,0,0
16.162622033110917,29.95507834779007,57.429054311186434,249.16170126775125,1,1,0
11.095580211893415,32.139570915768665,56.00482600667556,213.6636601461134,0,1,0
14.80015289488858,34.51918839951284,59.0452567541235,173.74745439473892,0,0,0
19.6096958588077,27.88480918038063,62.67159651159653,129.24591282703193,0,0,0
14.091129279763251,39.07128978791913,40.38345023748578,170.87951511407994,1,1,0
11.43768735248623,27.860696534806497,49.055760995785135,218.18739710859444,0,1,0
16.91567023345439,20.66699018602324,59.87031824748506,175.11175410596974,1,1,0
19.45148650591845,34.93412693907361,46.1212625932483,59.25002251438601,0,1,0
16.360857346817525,27.811324074372568,65.69143369335852,80.40820908681954,0,0,0
15.469979464350018,28.436617743285048,47.75740206443578,92.30135352072458,0,0,0
18.50346188968949,35.1852245643136,40.98139619079063,149.7143092192666,0,1,0
10.270064679581756,24.30811396948828,69.31044162019802,154.61836988524308,1,1,0
13.1038229170635,34.25038587089082,45.503757818579544,162.06598434789407,1,0,0
15.74794732773541,37.49367304024257,49.59669043331908,153.5329730690619,0,0,0
13.383608260590625,33.55232346268761,46.078264056785,69.30134135328272,0,1,0
15.919809109532189,34.224490849290945,41.877416233753934,89.0469169022075,1,0,0
17.444094366159213,22.285820233162262,50.02855285463535,110.28489743067135,0,0,0
17.60634154446792,37.44852493795075,48.50562644442865,228.41430266156732,0,0,0
19.747780715026437,39.10353613761215,66.131543677802,213.60866464402608,0,1,0
18.89338968564759,36.68337109732707,49.61465767105896,257.53216046567144,0,1,0
15.419628360636295,29.8249878693247,47.18027557480587,275.82952058757905,1,1,0
10.583854625274888,35.00910715434651,48.8774125508601,176.34640813602908,1,0,0
15.451325084212307,27.075219267190963,40.87421846268525,137.6711090886056,1,0,0
16.87221870347479,35.882288628433,41.37156957237145,158.48576873225193,0,0,0
13.96069185432704,31.381151414152587,58.749650045964785,150.1267774838831,1,1,0
18.942658168853498,28.432632201202996,65.7207717044272,227.90185602281878,1,0,0
16.6060918519954,31.264542924371703,43.87955906136189,146.95406640241285,1,0,0
17.77473478298895,38.407152363117916,40.82685687837003,255.67834375437997,0,0,0
10.296412719354374,34.95575336850433,65.80085484062866,131.9472680735687,0,0,0
14.4080156166705,29.29154195304794,67.59084129599695,110.3905334208715,1,0,0
11.42286896448859,37.361202329286165,43.87439229105024,101.06037078882969,0,0,0
17.10178021671183,30.452753234914773,52.153955460418054,293.1064087701133,0,1,0
15.198977968335965,36.25544041385153,65.1611763065405,103.25428380380333,1,1,0
12.383634309765753,36.783507722075925,43.66845254131826,260.8197565368276,1,1,0
17.623418188261024,23.53298808528514,52.66566722116268,154.86463670610718,1,1,0
10.917543440828219,29.134815567752625,41.82459053310214,216.48604227641954,0,0,0
14.230080364501323,21.976633759846102,46.60827003218189,169.54251162170357,1,0,0
11.361662766533945,22.106668686468684,60.226693809125116,108.86744050656587,1,0,0
16.67974712869327,38.058435512112176,56.72307923327192,161.81934875835313,0,1,0
18.842034142649666,32.001263483155924,61.39861812896428,131.85735499673345,1,0,0
19.772446089071614,29.92852827468996,67.13518681418242,66.63873880312669,1,1,1
15.438537638318929,38.350345885288164,65.4998754680878,98.20110894725185,0,1,0
15.214455147800544,23.199139442220172,65.55563509676476,111.42781381983514,0,1,0
11.744555229270343,38.09006050494028,60.2361511452411,134.05949291998058,0,1,0
18.82271307828092,31.968097673522575,52.7223071453474,104.94422458227335,1,1,0
15.352115306419972,36.378378044586555,67.58541375094349,241.96162478536502,1,0,0
11.489500944881291,38.742579333817694,40.52155943665223,140.21310278321806,0,0,0
17.904111735945783,38.39624243092578,52.869899909935555,201.27648783227812,1,0,0
12.70284258191668,34.81950033374485,50.25225632011578,191.81045435964938,1,0,0
12.588382692624487,34.41660011576687,58.34565800443207,201.86509221390605,1,0,0
19.14476978926858,37.71984484970204,56.68027250614775,263.81584822268314,1,1,0
13.262615064448184,35.74357653520293,59.382485665876494,121.68312867903649,1,1,0
17.68973250169976,29.242585010173137,58.86375830419354,216.70258911328085,0,1,0
13.888636072972997,36.60323299452918,68.29784481026793,246.6943211369176,1,0,0
17.252058178632502,26.253710334999887,59.96209163836713,81.05393858907735,1,0,1
19.09024885237636,31.309693430500147,65.45541857668294,256.2760468621839,0,1,0
19.233006031263976,27.38431260852375,46.557487091191284,236.64433837570118,0,1,0
15.782876873005064,38.18208245050154,52.07931902435179,129.35251097539725,1,1,0
11.42146893283034,38.43376059457663,69.44678612411363,202.72600237666893,0,1,0
10.415584167845324,30.96611457477315,52.46300013203785,60.190031257246346,1,1,1
12.903661669766352,22.88338027544209,44.222648085018335,217.88702420923698,0,1,0
18.78251995816833,22.81156723394117,45.56233139067926,219.20627392059964,1,1,0
13.313938625931227,28.114465899484657,47.36659739242335,200.3325844331763,1,0,0
16.683741533110755,34.93134185986114,48.27970257726994,68.96984073382266,1,1,1
13.977065563539568,29.786660654396044,63.50481096698016,111.12483185502781,1,0,0
12.5463618384161,20.59651931914693,65.58521070029077,235.3557093710964,0,1,0
15.438766489735816,22.19072577391701,50.58708053095821,81.12411226039565,0,0,0
11.718286182565778,25.592413998029983,53.305686278775156,111.1707965573496,0,0,0
15.1845929905382,22.01058246780333,69.4879317647938,151.85087879939255,0,0,0
15.641018558056476,38.14262996001179,43.69023276014199,72.4449076309861,1,1,1
19.396018071801976,27.781735194017283,58.65056653334163,205.32119510833576,1,0,0
13.864532647935121,23.320880148662198,68.40402459091169,104.63702924154757,0,0,0
13.25806698273551,34.692645116186895,43.29149338064426,277.7861550943652,1,1,0
12.59890040261102,28.78990895579066,67.03450800834037,90.89855405048411,1,0,0
14.425746507320216,34.1833227234555,45.948832236732926,127.07424636160958,0,0,0
14.636120291282374,36.673215190026355,43.24831975871935,133.54483604779887,0,1,0
17.497597940971737,36.22884702854694,68.4580938024736,251.59023631506903,0,1,0
11.901658038444985,27.45524464956697,56.412366794539125,241.29490956250044,0,1,0
12.578077481195756,34.72590823813579,66.8299382672644,217.2848667152021,0,0,0
17.459247433433504,39.12232146093481,41.730293638546364,293.6523429621082,1,1,0
14.486927737971326,28.20350593937479,48.10711248953132,115.19802430612559,0,1,0
15.157523784351088,25.762301516902347,50.29273815295576,89.81507381574836,0,0,0
11.516288177640769,22.401677797426615,62.43722717666836,61.32625993105487,0,0,0
17.359641756400585,21.692415321395174,57.278169895271915,271.1277970632873,0,0,0
14.91391928473658,25.504723692019507,61.063576536058015,182.58291901908433,1,1,0
17.820354601040137,31.72120531095765,65.88779281662127,265.44432581609385,1,0,0
14.574717976496459,25.055291576042936,43.50634053019904,59.48446541167908,1,0,1
11.295021469986116,27.594495379640705,40.765121506962956,90.6492258446803,1,0,0
18.355806865136323,27.802281968429646,43.96448767021665,197.53210972857005,0,1,0
15.072921163259611,35.85160195083917,57.47064037142766,278.32819616834746,1,1,0
19.09238503196179,25.329591738218276,51.208538755274255,229.06604553545708,0,1,0
11.57949549099745,37.65833999281371,42.5757169561857,289.8361316158007,1,1,0
11.009188127544242,26.2062698068555,68.7054651541797,196.1323063950877,0,0,0
18.3351064007322,34.06985097726262,67.07510481801884,65.79851809359688,0,0,0
19.188303809978258,28.19512357858842,55.92864798257868,266.65573054084894,0,1,0
12.935369669414078,32.105422619108694,42.08237827356159,231.44503459234386,1,1,0
18.48976949623504,31.91552213491071,54.5339524638435,212.10923047427326,1,0,0
17.327686362339634,36.51058167884021,43.84826871942502,151.29858118513695,1,0,0
17.268416605894693,25.13877073610416,43.98644794447809,107.27789306922801,0,1,0
19.709205614361633,35.293485143001476,47.5063527381595,286.35447408926484,0,0,0
19.11740499894993,28.035385939190597,53.93411859169081,287.22716098200385,0,0,0
16.43041795218987,31.952523529071797,66.29991918840643,247.59728552449587,0,1,0
16.599936728682334,33.822811171842766,56.80551434051074,192.97696022189666,0,1,0
11.112882629249233,28.04894728126649,55.80080760083082,210.69464840675886,0,0,0
12.764347151836121,33.92690777883432,67.88403405045733,176.98280279964618,0,0,0
19.397402430873132,36.01379524830584,62.8362168867485,87.9813145536412,1,1,1
19.87840083705865,36.18703574991827,61.26588827984838,232.13542578740402,0,1,0
12.832545807099761,36.26109059901341,57.53267545026484,170.82942146644515,0,0,0
10.2642845203675,32.2804128610519,51.27873182245777,79.35265416263914,1,1,1
14.762810839223995,36.32198647179362,56.369939919949424,107.31183398277572,0,1,0
19.28417859233919,28.322995991361932,51.327912795596035,284.0000150040681,1,1,0
13.208943659388135,39.38458574628734,65.37947934557218,203.2848697328675,0,0,0
19.642110636282922,27.44425860711637,55.207969639051,85.36621183439924,1,1,1
14.022951067069355,39.22922263095033,41.390845009924334,216.76318921836514,1,0,0
14.061987648886266,35.494949533842416,46.42041982929143,131.43149069569435,1,0,0
11.17433657013032,22.242361599153003,65.17240056220827,257.4762973333519,0,0,0
10.703017110543641,37.02021481971104,66.04453370385554,167.06530965098636,0,0,0
13.49319171846624,38.910139920612224,57.08571771796775,254.2141018422014,1,1,0
13.563078011698254,21.316572165489966,61.740488898951334,139.14853622148453,0,0,0
11.485328791861043,28.89186030990771,56.0997951829657,246.20908379148625,0,1,0
11.499153058957695,37.749040401757256,57.66452742888053,231.45730441361462,1,1,0
13.743224869825804,30.314179105093082,41.5774728823851,99.65800704464462,0,0,0
18.431872135454192,24.368056469630314,62.89879330266781,141.78762424673667,0,0,0
10.621887182725926,39.367252230813875,41.761213231340164,280.6429327329674,1,0,0
18.3384697375677,35.86714061440751,42.398439067708146,294.1554088846046,1,1,0
18.207267403348787,23.291174519361267,68.36010429328869,200.1751700163195,0,0,0
11.799149871219017,28.03150606848945,53.541907949136416,120.24459258949567,1,0,0
11.610661426317538,26.5938656568839,49.20132760492213,278.84434605210447,1,1,0
15.656103348863411,26.50693389803492,67.65470922486548,71.10378334439652,1,0,0
14.375826732406917,25.097194965245027,68.54801142825558,231.340714520902,1,0,0
13.786960617693689,28.58785557245721,61.685762122855955,83.3638509389776,1,1,1
14.222963852826048,29.642186107037595,66.13515674220575,104.44892384971598,1,1,0
19.860241830573216,34.89652872455158,65.9702942123471,143.5285135060602,0,0,0
11.645193851070339,34.025090510780856,64.32776876040954,217.53098646284428,0,1,0
17.613845964677594,30.78511150775197,54.26536944368236,181.47102256776896,1,0,0
13.035678386011847,35.44567569156828,53.909806913481376,69.23694159735504,0,1,0
14.148603340576152,30.421973216605508,60.61088556457162,263.1379842268224,0,1,0
15.536090166908995,26.43642987045703,41.9053640471109,96.27467460038565,0,1,0
17.98227173571143,24.074515661957623,65.76163787317608,256.4523102682987,0,1,0
12.927640892384554,21.13230855798542,50.378285916177774,158.7814455111211,1,1,0
13.39819854745505,28.45180245949747,63.1615666940818,172.30753075962602,0,0,0
11.991757918120726,29.112357237708412,44.537270805891836,59.50597623248669,0,0,0
19.763034090420305,22.170591830371183,46.00707964752709,224.768583119413,0,0,0
17.253836421843673,29.267068207881696,53.15145360881328,283.0577868369492,0,1,0
15.609230476703278,22.03630582898702,41.604356269067225,128.05646618179122,0,1,0
10.51105037238635,26.31982093825848,64.87194226864322,272.26977777065974,1,1,0
15.240853441197533,39.192722205287325,53.50748949220896,178.1003255150173,1,0,0
16.52994560941844,23.03956846748816,64.30296164602764,234.4455456789293,1,0,0
17.894446534411102,22.916626829314808,57.882200379569575,174.9321108325144,0,1,0
15.77087351664645,35.16001197895967,59.52682158150577,60.92124760661363,0,1,0
15.109725028546226,38.60347174433244,66.69153180037887,82.84578789821643,0,1,0
16.87874285325944,33.47588455350339,69.04247917997799,109.45788086655776,1,1,0
11.30448632041967,29.736960095125752,67.51081317056214,105.20770931552354,0,0,0
14.369328096688111,33.45988344327242,52.50993501744442,207.60913181882916,1,1,0
10.596962207080884,29.444639014916326,62.13941027831355,285.5136071383727,1,1,0
18.913587272084186,28.125927593052733,48.881048656136954,94.4684441768392,0,1,0
13.549522135488427,21.779803366039545,47.28695646249449,210.5093295938811,1,0,0
13.107642164954571,28.600070253241825,59.44065568201368,295.10498795187857,1,1,0
11.156987471601285,24.586772111545606,55.89438095020957,250.64259536585274,0,0,0
18.23433539444065,36.04862816804442,59.33333741537304,249.36589166945163,1,0,0
19.589499183658873,38.999707554438075,63.88581332437586,200.92863362564145,0,0,0
19.45804904878629,26.26907755052573,63.38023375248955,218.10965076417364,0,1,0
16.140433242528697,25.56223883388386,49.658024473890215,94.9087752088027,1,1,1
13.075308150791896,33.032607510398606,45.5514797309517,269.1625187010142,1,1,0
14.001403638148568,38.591292995430045,49.953991004333055,117.32348154514293,0,0,0
10.889372691980338,28.3989632180951,58.37369341182753,146.98932989712705,1,1,0
18.386517144418526,27.629765803474996,52.5696598896598,153.3164259179562,0,0,0
12.033637243765307,35.44797879756322,64.56840501729776,176.49102434607482,1,1,0
14.265069593208695,24.283770683368807,56.93009894704842,153.7921730371963,0,0,0
16.75472025237895,33.645321093729,57.4071357573545,71.49166635200224,0,0,0
17.660503915069434,25.4525504388235,68.0058664227139,176.45021995561808,1,0,0
15.446043230653975,26.095121797941715,40.5845648841198,284.80386241898486,1,1,0
14.830912172152228,28.573225755989128,53.067993063508155,97.67427483641912,0,1,0
17.68181418336161,32.42123465937001,48.393755571325926,284.30128586140506,0,0,0
12.039863638495,39.49853310162767,56.834358363992905,280.66481331510664,0,0,0
18.938116463505196,35.55993890568525,42.66941627455373,228.03975686197077,1,1,0
18.34438927550349,35.58582684644814,68.45143718314849,159.32343190611465,1,0,0
12.65278588865372,28.326794568765255,48.65848415026135,115.15566880204845,0,0,0
10.467215777592573,36.81300316358738,45.33401302036079,240.1815359971485,0,0,0
13.518712390209538,29.126208815595042,53.2956464720654,185.56985828872382,0,0,0
16.179817206747447,24.382241321435487,56.06663444633807,230.86388003963395,1,0,0
11.970074215277462,30.31193952821348,51.26038078881583,146.59319101544074,0,1,0
19.14421546423263,36.26756114909719,69.51645850046356,54.03246262850118,0,1,0
16.100115369060358,26.421459651057084,68.88022907353998,126.70624398493882,0,0,0
12.90535339518751,26.53335306012655,65.60274725770662,146.32853588910035,1,0,0
16.975967912666103,31.58891082700603,54.34251154151755,286.1426254402722,1,1,0
14.801834218831488,23.04034474423682,52.73579876416254,278.7767378003736,0,1,0
11.355378586464271,31.79475960335455,66.41309370526015,281.02868176485646,1,0,0
10.719670389119406,37.245901098248716,54.73254099229861,205.7461814966092,1,0,0
15.841615140540616,38.75271297706784,46.98575981051183,188.84375545548346,0,1,0
15.328648801178115,28.248293867009043,63.534122063132514,258.931226110173,1,1,0
16.425851894863207,38.36690200395296,59.318992702754514,276.35680600446443,0,0,0
12.348870470163696,29.911814574785843,61.63207081681506,127.70255834014446,1,0,0
15.044193712265354,39.24576221862242,66.32061438121013,122.78114694295479,0,0,0
17.08194848944717,22.86976029314526,56.758718657932505,66.05744193324475,0,1,0
14.271116978559746,35.673169253824774,42.77108181709144,129.33516389796216,0,1,0
10.272569568619057,28.89819960728625,65.99755267283611,82.43137328784196,1,1,1
18.16419253326967,34.507479459103436,54.700705562148634,220.126823570792,0,1,0
15.729127330193924,29.89108580636423,57.166514446385065,132.56299959559544,1,0,0
17.08280931527932,27.67543075491865,57.8479959099581,148.26431920102914,1,0,0
15.33721336551259,29.25000498324779,59.232757326105855,254.20989075447255,1,0,0
19.17660741756601,28.88002734846389,55.53563159271644,255.5945018492286,1,1,0
14.535132200342531,36.49427311768086,41.314959679573334,133.9129702592673,0,1,0
13.722578790203809,36.315085804303,40.84215704379871,294.1084871777147,0,0,0
17.05938624587555,26.893875715930136,58.548832655969555,286.63485356904386,1,1,0
12.428255072583042,37.95171907946822,61.138913679087636,220.6380744744335,0,0,0
15.913791614490783,30.31161803196664,53.95512393813933,215.87500063202623,0,0,0
19.05133221093727,27.577451544311614,52.77134572721213,145.2781154605558,1,1,0
16.19914310049355,36.56835304614026,63.6206818669249,285.1443090216054,0,0,0
14.049504561779287,28.942569457097076,55.22444942540268,67.59243688951966,0,0,0
18.963590934869902,23.393029372813515,61.039945212360095,140.78809894027484,1,0,0
11.119603906677947,23.732872433333547,45.281155008016405,64.37807001326233,0,0,0
13.66871413574668,26.13637036087135,67.98210077459973,273.85780823867,0,1,0
15.806037140277073,21.786642114250938,55.009310761126045,269.0222567695198,1,1,0
12.187519878580785,34.43691600963763,44.26197593580683,134.76735272817587,0,1,0
18.747042850144346,36.4714773929649,56.32117919014536,292.8933016329703,0,1,0
12.33003080665889,25.996039705557045,45.07715117297804,105.09096285561864,1,0,0
17.31773440946906,37.575159222324004,62.328730538111444,179.15829220175772,1,1,0
12.7165149832839,33.017587872698044,49.99660290954473,287.00688178861424,0,1,0
12.911571966646465,31.511868331128053,65.56618215743636,144.34451687237765,0,0,0
17.315043426210313,35.428905832531164,48.284436721652696,262.9716137532656,1,0,0
14.387620441707819,31.390499082743588,57.45298990885503,224.88445687530407,0,1,0
15.452625680375384,37.19540851439789,57.299315410647395,163.61017074865518,0,1,0
18.2889035634263,33.69204667316898,56.29886949651243,202.47515546291567,0,1,0
15.322393685016138,28.13586091552559,64.43309047726218,83.42145377630662,0,0,0
17.903961038657563,34.23420754759393,60.28191695505282,263.3502637391998,1,1,0
11.212934609571665,22.807718913602226,56.79550355145845,199.13323884718346,1,1,0
10.5482466184836,27.298581614567393,61.804857491788454,64.7495766138276,0,1,0
14.378872545986962,33.54236236625614,44.356555372869764,89.09397574377383,1,0,0
13.673859580879963,22.760826429056966,62.434875476680205,95.57631147455602,1,0,1
19.603948192005006,30.744121203993238,51.418536296136736,176.30156649180265,0,0,0
17.21044194626691,24.854766975607284,53.4513203983282,106.34028743587896,1,1,0
12.673029847897801,27.214985606071284,63.63214737367559,205.47036575429087,1,0,0
19.173462152594205,29.225440543352647,48.15523660703826,187.93682617547438,1,0,0
14.209553386507352,38.72250717612485,64.40466919301505,163.9941159512574,1,0,0
14.722929124326324,29.097275942542403,66.5375965618592,179.85167330487417,0,0,0
16.52750427032481,22.802587147489707,41.49523861490944,140.53869404484442,0,0,0
19.33463491053184,32.718676212175595,40.490161106291644,175.64753574523547,1,0,0
11.670891905391468,28.022501766965185,43.67402746453493,54.74786823497249,1,1,1
16.831847067867724,34.250693296993745,52.995348294195495,267.3153439208313,1,1,0
10.684244337528419,32.166564190645275,64.57243976458498,212.48574728622236,1,1,0
15.400451936025647,37.779281873972494,50.12506200169171,119.69459623732176,0,1,0
19.13988517966336,30.87767300411985,66.10232116047501,253.05038655361398,0,1,0
16.543714078611856,34.40478442590207,46.590005925052026,148.05324074887713,1,0,0
17.309873110871756,29.624110810589563,55.877387537857665,102.357633348903,0,1,0
18.54998515035811,32.049323271119064,63.01031991002154,251.99980197603207,0,0,0
19.476384100281358,35.34064707050135,56.71639190846846,263.5054922341795,0,1,0
18.653745639397062,34.11372980113585,40.33975189886899,119.71543902162216,0,0,0
19.113698440837837,32.561090728578854,48.9529516003241,196.3711644082332,0,0,0
14.408415184005023,34.80461591488722,42.92082193350724,226.04182310808898,0,0,0
19.33630241919851,30.371848410824516,56.25424222408648,240.29125365962494,1,0,0
15.713892276186089,27.445468881942585,64.0663707747975,73.48621671776849,1,1,1
19.41032731060597,21.422178381402087,47.27099213343548,199.21364879689776,0,1,0
16.41696653534288,28.928977688477406,63.31010219730252,222.05552402060408,1,1,0
11.071656676510909,34.51108139018962,61.27077710272265,91.350808419663,1,0,0
16.788883800959958,32.28297546026782,61.65872160969256,93.4696188993686,0,1,0
18.995887417626363,37.61163124067045,55.9581674272722,280.0980164831923,0,0,0
10.494324934851328,36.18668938360667,52.91510107298382,79.43862099152733,1,0,0
17.19198442517672,37.497673723171836,47.35856024437874,195.25838530650452,1,0,0
17.594762561995594,27.682545543985437,53.810523419283896,83.00185326930976,1,0,1
12.71314944334659,38.05642378537543,53.58229593299772,245.49557446600625,1,0,0
13.109830886402197,21.285780286530702,69.2949253345348,116.43732460114947,1,0,0
15.788490839719577,31.14931102014656,57.8300590267647,121.86921540523349,0,1,0
18.495330066536347,24.750943039359115,64.34509857648719,290.5672932258081,1,0,0
14.079089970887537,37.68850911968373,63.878612325241974,67.69686819756336,1,1,1
17.799903031473548,24.4363834340424,51.517022175070196,198.2499940710024,1,1,0
16.758326404267123,30.345107431686255,56.249152071604485,80.82091793173944,0,0,0
15.228127383485084,35.095557251705344,63.162196530425156,119.59335372753759,1,1,0
16.635096814477436,27.581037564474197,59.5721775738654,77.74801605656563,1,1,1
13.623899346743313,25.512319722023626,55.88133208773164,157.19993606096457,0,0,0
13.162648445237611,22.275124100390606,59.02094190078967,247.41939435513507,1,1,0
11.794452332079569,23.097140114356637,45.929670247754636,162.45216281436456,1,1,0
16.85415154449232,24.746897829218547,40.269086024290466,169.74265208765348,1,1,1
19.354458644058983,35.047629747249715,67.54338837853875,261.25858466716,1,0,0
17.895718059979643,28.15045538024226,47.214563252788054,95.65296302801774,1,0,0
10.73019226740863,31.79446344538647,50.79927623191765,89.25916399914907,1,0,0
10.467257134487857,35.65845207229358,44.152485465998545,69.83318235225096,0,0,0
11.460033406321163,34.18050909607665,59.74656271153219,131.7299193863056,0,1,0
15.151218743840634,26.339054922344772,63.47051082548272,201.43400006518573,0,1,0
17.284769081335757,28.418766156650385,43.392674531702866,206.15361745356972,0,0,0
17.487318229969627,25.835490011310174,47.09881715603948,264.14313645314036,0,0,0
11.961550925587801,31.839002755641204,62.363182117019804,90.7075315907893,1,0,0
15.630187874236825,21.43451707431193,41.81878039654171,129.50520375269753,1,0,0
19.375882069333656,23.53562521985431,45.64389143093416,199.17390988230807,0,1,0
12.381128328094189,36.93436178966358,53.720026232643114,63.252152553768966,1,1,1
19.673342860943514,30.942250676360583,54.43465186063174,249.45678466746062,1,0,0
18.925092887349187,31.7772518547197,55.63138166136805,106.4217920001584,0,0,0
14.200787299578455,34.98235538576221,61.60919758395929,263.8923899983506,0,0,0
19.61796971460914,32.57950384589394,49.317342712061944,90.5606258381838,1,1,1
17.795852207784954,27.204866695013656,66.77797971138261,241.4340252660209,0,1,0
15.679605055223778,36.21179583257833,59.65900997141652,197.90340802170698,1,0,0
11.430673725147173,31.636461298504386,68.3122492967006,57.69035720053756,0,0,0
17.016467089692974,32.390510531613465,53.60095514388258,96.75540100264229,1,0,0
14.113252970509084,35.040742127449946,67.59945451709088,198.23334827403988,1,0,0
16.72779999456424,23.04854265337155,58.95242870983569,99.55470008577453,0,0,0
15.181484551928493,27.895849111795133,57.82799114305723,127.42208770376651,1,1,0
16.979916736977586,32.47313854694686,68.92478709803031,56.68381798283003,1,0,0
18.976030832302577,35.0626971096589,62.43940646812045,170.1194232619864,0,0,0
15.360882329463792,35.69879582264563,58.23376576252843,119.8149068070002,0,0,0
15.440246276400366,24.5252153062553,58.46335470459428,289.66953484015283,0,1,0
16.75868539945575,31.080758370717753,49.3951803264542,115.71291653973958,0,1,0
15.953015734595859,31.822417756772154,62.50438081306825,180.7564390372121,1,0,0
12.495484706468996,28.399673331868396,59.24961054911675,269.7222360902954,0,1,0
13.899229091372677,20.786151140923813,64.01713885088733,289.3037460991695,1,0,0
15.485149934332224,30.573783558827095,60.17890071610778,139.98606618895425,0,1,0
15.24383547063852,30.180735472470836,59.067109765696785,214.52823800248007,0,0,0
19.458465470777995,29.48164754408677,59.131306639628974,223.5111247190257,0,1,0
19.279399183925946,23.84640214463981,43.84963489338585,233.65262160046808,0,0,0
13.012844028328132,22.840949426436772,68.18207126839789,232.99850035717293,1,0,0
12.898426469959631,38.663061205162336,51.78571275543376,278.2245918074677,1,1,0
15.561215325710897,35.955252127406595,52.26793245401836,138.72372503991122,0,0,0
15.674926931670555,31.340373442740876,57.37917231932552,255.89668662010484,1,0,0
17.29591779948984,37.0105252181861,57.84588117467678,159.24675283740058,0,1,0
19.567510367760217,30.776914770024618,59.60115839622801,79.80010926125797,1,0,1
19.685170900125364,26.73061006982844,52.91095867460818,202.093288145693,0,1,0
16.357944410279792,35.50967254636082,68.04023780951587,54.75850894103661,0,1,0
12.146745317147719,36.45930792517249,51.592612771908236,269.160936756663,0,0,0
17.790163757114854,36.21332913688013,57.653864029479095,267.5596043667769,1,0,0
18.395285881216203,23.09735411738619,65.24303915096063,90.10021624351063,1,1,1
18.324115220358323,34.697480011253816,43.371033756062964,124.19996137354357,0,0,0
10.882996606924186,22.953229623349355,68.87541387840065,285.27509717813507,0,1,0
10.202825481391168,25.88618326122357,46.668213076872746,134.29525178107804,1,0,0
10.817552457366759,38.50035387467763,42.034472083819985,153.24520245752313,1,0,0
11.477196434124949,33.70385610901402,41.54059223056031,122.43323138535789,0,0,0
11.85996094093059,27.48334264415505,43.66908660707603,66.48285439852769,0,0,0
16.59693195412425,27.714260539863833,63.04503016911168,102.3070323272379,1,1,0
19.722134441626544,27.975496592487723,58.83780153020926,140.54736333286013,1,1,0
18.52871583097916,21.050328501474162,64.27299311516417,279.88885014498874,0,1,0
10.297056720593492,37.84681712124975,44.296812001052665,204.3953682642408,0,1,0
10.614236528339555,38.31120512190961,44.53471887166326,165.85120027870533,0,1,0
18.48125194068929,23.24444842923023,66.57027515069322,144.93446574283334,1,0,0
13.110887911492075,29.72000749467248,61.286924937203764,80.13501123111843,0,0,0
14.412785374196194,33.074441485540234,43.22827468012643,124.45346704695902,0,1,0
10.562948702392427,23.210130426134135,61.67488115083502,253.38435130640983,1,1,0
15.252012425951627,35.08865017799778,53.445672730870356,130.03039804872338,1,1,0
11.322494533927415,34.827952026412916,56.425027954346724,273.0962835222209,1,1,0
17.87032234156841,26.437404438585983,66.13629570326023,286.9680712551135,1,0,0
19.12414371177075,31.31627627751161,42.058330532444856,242.8286650182299,0,1,0
11.74914107470121,23.68246831737244,67.50501685649328,163.84040727973712,0,1,0
14.709401934517288,23.030900005281566,41.388148596549826,244.86635240089078,0,1,0
17.05669066017617,39.255430496427536,57.38288747122036,276.7022790818416,0,0,0
17.91093850830856,35.80501627320153,63.527889118916065,267.4246815835837,0,0,0
15.139195876308923,29.85328618810641,58.08965243090414,234.62974669485214,0,1,0
19.078214139656232,35.5818442581254,40.883936199783754,93.6768878690497,1,1,1
18.171294427904535,27.876305127634932,60.69932446362881,279.2560848986098,0,1,0
10.751977262793153,36.464294197961436,44.197880199428454,71.44639216007037,1,0,0
17.44407502631178,25.102381868381137,50.179766841893986,155.34294988475008,1,1,0
15.94240967853388,32.67218780481382,68.15107402820007,212.48622631376446,0,1,0
17.92562199196946,32.8700642703872,59.60445295736799,275.8785951193083,1,1,0
18.63350465952273,20.80679862868871,53.45842238279715,177.4614066745943,1,0,0
12.466195773700527,23.508943625137547,64.09171991461113,274.6443071974428,0,0,0
14.935449047983923,30.474113987170426,51.4719772899644,208.77859710133606,1,1,0
12.906223330825174,22.40938428259958,48.234968982060465,228.20543956977832,1,1,0
10.652064929094145,30.47501832102477,42.7512927876832,222.0369638445177,0,0,0
17.18230327409862,29.65273651238888,65.0482662868691,262.0930098589058,1,0,0
16.046732852295847,34.06946518750327,40.3348594656589,135.4606714320176,1,1,0
10.639034753321285,37.71321767072385,53.72595441238236,182.49491023384076,0,1,0
17.1111519646376,28.79530060168821,40.51339332035836,181.2160149947369,1,1,0
14.929826304946237,25.925305459297135,67.70006881534036,275.42609126093834,0,0,0
12.68103120723818,29.10705607958614,50.156985698877975,122.66326338653616,1,1,0
13.306222995022994,22.042475757059698,67.09377803545877,87.6426743169809,0,1,0
11.736294322274361,25.286006260445884,55.6949743668154,295.57430327656033,0,0,0
11.202046828717476,22.3289530871986,60.17004507599517,78.56279560368372,0,1,1
17.964649585967447,21.442608177647102,65.7984587953778,117.80208724792926,0,0,0
18.886648108112247,28.886005127447785,47.66603220304952,75.51722478064639,0,1,0
13.169630321357094,36.50830591561565,52.399863419562664,170.0750888908018,0,1,0
13.429792512419656,32.08531718301893,68.50489070551583,273.0792724041102,0,1,0
10.698655880369172,24.069711403750624,40.315192282575495,156.5454979000412,0,1,0
12.952548284002743,37.13889174359987,63.00067987185631,224.0854981973577,0,1,0
19.545246710365774,30.508979288052323,43.50446930676357,68.83947816971141,0,0,0
18.281530892800223,36.54910564057942,53.732613631281545,205.2440585160004,1,1,0
10.533621641813564,33.026838116794714,60.39885619085919,137.1851562379245,0,0,0
12.319318799391727,38.745728420479644,42.74602042314441,248.14745721923288,0,1,0
10.224024631697795,26.71951296249121,47.876345864858706,118.33110076349647,1,0,0
15.179313927357736,23.586785153658766,65.45103569223716,235.81693223114422,0,0,0
13.613090500815632,28.47682016380201,48.43827951615129,232.7257251452777,1,0,0
17.792060200259833,27.05849202755614,67.50321330196822,224.57478228370644,0,0,0
12.671221856366659,21.653093760200523,45.161804021482965,224.97348407841218,1,1,0
19.578193170994297,26.32572879929943,46.17389986501239,147.051589233885,1,1,0
18.658883494805366,23.767637443510313,46.856547841202094,95.78897008946295,1,1,1
16.834828228063767,26.996027319622364,42.846010214729596,100.1946286062767,1,0,0
10.302610188952453,33.76053114382775,51.6125866277121,123.22529982450496,1,1,0
19.821072583223525,37.78251006499623,56.94457508158093,93.03397940342343,0,1,0
14.839539455904626,23.638621610609373,59.32335086363702,76.60138049696253,0,0,0
19.7326866196442,25.39993162940439,66.34897254648438,209.38501488997542,0,1,0
15.801378710077426,37.93679117882512,62.140638844213,226.29855681318753,1,1,0
16.23681166532962,22.54889566355746,55.79408974111915,175.96563735154115,1,1,0
18.46820399149646,38.48581537000873,48.271465064986735,240.80418547381538,0,1,0
11.26569623761263,31.515990521313842,40.5631122608693,140.51373722567166,1,0,0
16.703496197861238,23.345848563004857,62.65265680120016,69.39475208166523,0,0,0
12.70321226373278,30.213098259567932,62.359029097221566,239.78275591286376,1,1,0
17.956240835911135,24.694693545887496,61.740682156670275,193.8641994362864,0,0,0
12.842430222910846,35.14232389822886,61.85990622239826,239.52008510915306,1,1,0
19.248108477225827,35.24508681838708,53.512507439821306,79.77756712484644,0,1,0
14.851621933208113,24.32937026606972,63.27861185981666,80.12283295786047,1,0,1
18.755027091938913,29.936183610484605,52.253532618407085,66.36966832069017,0,0,0
13.297545885360519,20.88844202717149,44.692134789551766,141.09863669024992,1,0,0
10.886161537982623,34.871055733484766,40.53656558526834,134.12963790665347,1,0,0
18.986695427884413,28.02416995302797,64.85510608610548,52.56275079221925,1,0,0
12.279324533961741,22.284228092065568,53.95795593502028,153.46913224966136,0,0,0
12.726086019660674,37.906026028229505,56.86208747797611,154.9566466252171,1,1,0
10.765600358149413,31.53786999982018,67.50497417421103,149.63958762306729,0,0,0
11.114586922333777,20.65594311856206,42.25607095897364,282.9665195342568,1,1,0
16.68037917334455,36.32088696381193,42.32780451672232,222.02504845016455,0,1,0
13.716669904951186,38.392634345167025,46.626174711962406,96.06814922713941,1,0,0
16.488312020599796,21.204750959228647,53.40345197431819,235.16140887131894,1,1,0
19.006180323615403,39.22583901390104,66.17607172990859,285.2634001522926,1,0,0
19.462119926952912,37.29348408788821,62.54627382905822,146.98429687854008,0,0,0
16.36647939278138,37.545770256148074,69.2251739243969,174.82805949008525,0,0,0
19.17165629267759,37.95867939341524,63.59331356266152,189.0900199730221,1,1,0
13.40322083921834,31.188979547323207,57.786113173954305,92.41695908590191,0,0,0
11.000543444577627,30.566072073150295,51.25919717504797,173.00596037986412,0,0,0
18.737211580252183,32.88697149177812,45.35080840744028,152.8640405694643,0,1,0
12.82807930631806,31.51556287541847,46.907209415146085,84.3203878227612,0,0,0
18.625314734312237,38.5284503207,45.31579247466513,97.64129655519517,1,0,0
10.778726302239717,25.54855269206378,67.36349733444419,295.73976979734863,1,1,0
14.221825623124367,28.68819916887898,63.278567154616596,57.69816230334986,1,1,1
15.74382473484986,34.375266884772316,57.82042505970041,244.27810826409768,0,1,0
14.239219699888148,29.121284462816494,65.6202265815904,270.79884935420563,1,0,0
11.274305640693857,33.38988843816878,54.746188644594014,137.72613253115887,0,1,0
10.62342527376682,32.84511362709793,49.256076221123266,206.74246936366228,0,1,0
11.917066110165775,25.231891440248752,68.90664078288265,131.27147434967782,1,1,0
12.431484039900889,33.9003322028467,60.35377753572972,173.8241884929508,0,1,0
16.993179472742234,30.69970831974708,67.68201180464004,267.6361119784908,0,0,0
15.39517631876878,36.57338830654638,61.87674022338447,236.79810197045202,0,1,0
10.748953812024231,26.68661549188795,47.35330849769191,272.2997079515427,1,1,0
11.5382985812427,35.76037082327208,49.83587500340607,83.31991379119852,0,1,0
18.156416012430068,23.986354659204743,65.50430874099273,158.6586835159626,0,0,0
10.658676592834254,27.0933365837736,62.23017283832128,105.39734098676414,1,0,0
17.35611535319436,33.95460376273096,40.664762877010006,116.22151427474336,1,0,0
12.601130559577859,33.28170720206916,65.30796500182433,51.76552457542216,0,0,0
10.993766039713133,23.671253892755125,68.64372308394223,78.84105946398914,1,0,1
11.810048915553013,34.590964795450795,47.3447409665253,146.89092518976855,1,1,0
16.186119285345953,27.714059467153177,61.681829798950844,132.8859918078355,0,0,0
18.296089814155465,38.044550291295415,59.998284837056794,87.65643235302646,0,0,0
16.689072625243774,36.7226027680838,51.4209243403756,132.05437350658605,0,0,0
14.370908890566291,33.63028058733183,65.06950049587587,102.96358662074297,0,1,0
10.627299330698065,33.37045932997414,50.95179814338229,144.371559517717,0,1,0
17.444785217245254,27.484647187747175,61.56021937895015,117.72227939779476,1,0,0
11.839147625175746,20.55710090611263,49.25751033628618,123.92949014957956,1,1,0
